Modelo,normality_ad_statistic,normality_ad_p_value,normality_ad_critical_5percent,ljung_box_statistic,ljung_box_p_value,arch_test_statistic,arch_test_p_value,durbin_watson_statistic,descriptive_stats_mean,descriptive_stats_std,descriptive_stats_skewness,descriptive_stats_kurtosis,descriptive_stats_min,descriptive_stats_max,mean_test_t_statistic,mean_test_p_value
Mean,0.4807289701609587,0.18810753894004248,0.787,10.08819509404321,0.03896796567767432,5.182185972825066,0.07493808899471863,0.0239369698823049,10.398583333333333,2.088402499519669,0.4769996722051663,-1.1238069277804357,7.933583333333334,14.063583333333334,16.514153414316485,4.1249881470251095e-09
Naive,0.48072897016095695,0.18810753894004467,0.787,10.088195094043204,0.038967965677674396,5.1548519034277485,0.0759693012123993,0.04897215253105489,7.115000000000001,2.0884024995196686,0.4769996722051652,-1.1238069277804354,4.650000000000001,10.780000000000001,11.299443181477782,2.1533855654378578e-07
SeasonalNaive,0.3530192175076685,0.4022091647770535,0.787,11.906559651812584,0.018059808036626174,7.163797887976599,0.02782281409354768,0.0666108441581477,6.381666666666667,3.0124791377793065,0.4603214718399093,-0.9951270933209888,1.9499999999999993,11.74,7.025971932889104,2.194058554680634e-05
Drift,0.41625173386342773,0.2778930405341593,0.787,9.261187726179145,0.05489247843925483,4.712940839145848,0.09475407580123327,0.06696519813279768,5.986764705882353,1.9622730651250344,0.46459929385298626,-1.0886646293641276,3.5908403361344554,9.398487394957984,10.118801807173034,6.569197844821696e-07
RollingMean_k4,0.48072897016095695,0.18810753894004467,0.787,10.088195094043208,0.03896796567767434,5.158721130837279,0.07582247203579622,0.044980623416634745,7.449999999999999,2.088402499519668,0.47699967220516726,-1.1238069277804337,4.985000000000001,11.115,11.831461939846728,1.3451426081089204e-07
Regression,1.8328917575187234,0.00010461722563341082,0.787,357.457462106861,1.0409704439840033e-70,22.29395720885151,0.01367513976032063,0.3710773072721552,-1.3704979180503238e-13,1.404501592510151,0.7342065551392045,0.31466843583032134,-2.498392148319196,5.238980106805522,-1.1421323368082347e-12,0.9999999999990904
SARIMAX,2.590463595368135,1.4395595673521429e-06,0.787,7.604122536969377,0.6674429532960565,28.785471769951585,0.0013496555170500024,1.9490415807398977,0.03618312168187709,0.6741302178652374,-0.22829532096144703,0.8113540767923162,-1.8942936704543047,1.8061897380525327,0.6282355691761716,0.530895539864878
