,lb_stat,lb_pvalue
10,7.604122536969377,0.6674429532960565
20,19.683903217462213,0.477852684276758
