,lb_stat,lb_pvalue
10,7.604115122058661,0.6674436739501572
20,19.68389347069113,0.4778533029959414
