,lb_stat,lb_pvalue
10,414.7204851515441,6.91352380110987e-83
20,439.2888808717845,1.3913405157705692e-80
