,lb_stat,lb_pvalue
10,414.7204851515443,6.913523801109083e-83
20,439.2888808717847,1.3913405157704102e-80
